<?xml version="1.0" encoding="utf-8"?>
<extension type="component" version="3.1" method="upgrade">
	<name>location management</name>
	<author>Parul Khimani</author>
	<creationDate>June 2015</creationDate>
	<copyright>(C) 2015 All rights reserved.</copyright>
	<license>GNU General Public License version 2 or later; see LICENSE.txt</license>
	<authorEmail>parul.khimani4819@gmail.com</authorEmail>
	<authorUrl></authorUrl>
	<version>1.0.0</version>
	<description>This component manages locations</description>
	 <install> <!-- Runs on install -->
		<sql>
			<file driver="mysql" charset="utf8">sql/install.mysql.utf8.sql</file>
		</sql>
	</install>
	<uninstall> <!-- Runs on uninstall -->
		<sql>
			<file driver="mysql" charset="utf8">sql/uninstall.mysql.utf8.sql</file>
		</sql>
	</uninstall>

	<administration>
		<menu>COM_LOCATIONMANAGEMENT</menu>
        <submenu>            
			<menu link="option=com_locationmanagement&amp;view=countries" view="countries" alt="Locationmanagement/Countries">COM_LOCATIONMANAGEMENT_TITLE_COUNTRIES</menu>
			<menu link="option=com_locationmanagement&amp;view=states" view="states" alt="Locationmanagement/States">COM_LOCATIONMANAGEMENT_TITLE_STATES</menu>
			<menu link="option=com_locationmanagement&amp;view=cities" view="cities" alt="Locationmanagement/Cities">COM_LOCATIONMANAGEMENT_TITLE_CITIES</menu>
        </submenu>
		<files folder="admin">
			<filename>access.xml</filename>
			<filename>locationmanagement.php</filename>
			<filename>config.xml</filename>
			<filename>controller.php</filename>
			<filename>index.html</filename>
			<folder>controllers</folder>
			<folder>helpers</folder>
			<folder>models</folder>
			<folder>tables</folder>
			<folder>assets</folder>
			<folder>sql</folder>
			<folder>views</folder>
			<folder>tables</folder>
			<folder>language</folder>
		</files>
		<languages folder="admin">
			<language tag="en-GB">language/en-GB.com_locationmanagement.ini</language>
			<language tag="en-GB">language/en-GB.com_locationmanagement.sys.ini</language>
		</languages>
	</administration>
</extension>

